{
  "identifier": "ml.xnor.sn-theme-dracula",
  "name": "Dracula Custom",
  "content_type": "SN|Theme",
  "area": "themes",
  "version": "0.0.15",
  "description": "A Dracula theme for Standard Notes",
  "url": "https://raw.githubusercontent.com/Moilamar/moilamar.github.io/master/static/dragula-template.css",
  "latest_url": "https://raw.githubusercontent.com/Moilamar/moilamar.github.io/master/static/dragula-template.json",
  "download_url": "https://raw.githubusercontent.com/Moilamar/moilamar.github.io/master/static/standard-notes-0.0.15.zip",
  "marketing_url": "https://github.com/SlyBouhafs/sn-theme-dracula",
  "thumbnail_url": "https://github.com/SlyBouhafs/sn-theme-dracula/master/preview.png",
  "dock_icon": {
    "type": "circle",
    "background_color": "#bd93f9",
    "foreground_color": "#bd93f9",
    "border_color": "#bd93f9"
  },
  "statusBar": "dark-content"
}
